,cluster_id,momentum
SEE,1091,0.054731355252606
UVE,1715,0.1444759206798866
FLIC,89,0.0077777777777778
V,2,0.0815845206006931
SENEA,1289,0.0014766201804756
VC,1220,0.1028051670106244
VCEL,1152,0.0573272589217919
VCYT,1471,0.0981879477454699
VECO,1368,0.0920344456404735
VEEV,1747,0.0533523361011278
VERI,1063,0.4603773584905661
VFC,1421,0.082940963419051
VGR,167,0.0640809443507588
VICI,1506,0.0487654320987653
VICR,1947,0.3080930232558139
SHEN,1734,0.1977329974811081
SHG,482,0.3111349803079126
VIRT,1064,-0.0563449289563938
VIV,1722,0.119434628975265
VIVO,1555,0.0228846732911773
VLO,226,0.1820904934573546
VLRS,1869,0.3492822966507176
VLY,21,0.011494252873563
VMI,1103,-0.0059576012338585
VMW,1235,0.0294069729553601
SILC,1284,0.1198102016607356
VNDA,1839,0.040595399188092
VNET,1164,0.1111111111111111
SITE,1829,0.2293726559836344
VOD,47,0.132411067193676
SJI,1019,0.0163242330424993
SJM,29,-0.0528840085826075
SJR,15,0.0417972831765935
SJW,209,-0.0450794432811921
VOYA,1712,0.145714750365913
VRA,1247,0.2075055187637968
SKYW,1822,0.2113870381586915
SLAB,23,0.1762364561067297
SLB,87,0.0750093527871305
SLCA,1759,-0.0368
VRTS,1445,0.1163288758880067
VRTV,1632,-0.0313860816695422
VRTX,417,0.1116420804764872
VSAT,1560,0.088783570300158
VSEC,1139,0.1295148536011969
VTNR,1599,0.1564516129032258
VTOL,1027,0.1076299299668264
VUZI,1727,0.456043956043956
VVI,1126,0.1980319803198031
VVNT,1527,0.0042016806722688
BATRA,214,0.0918273645546372
BATRK,214,0.0921501706484644
BAX,1355,-0.0943692368059643
BB,1893,0.294478527607362
WASH,484,-0.1080966511233574
WAT,1904,-0.0263879969642126
BBDC,120,0.0552147239263802
BBSI,1852,0.036878216123499
BBVA,1708,0.1647254575707155
BBW,1101,-0.0008389261744966
BBWI,1809,0.0716658756525865
BBY,1156,0.0466276025433238
BC,1513,0.091426193118757
WB,1587,0.3085774058577404
WBA,1038,-0.023019271948608
WBS,1619,0.0813265737220108
WCC,1123,0.1432907348242811
BCE,30,0.0671217292377701
WCN,38,-0.0137296318648159
WD,1356,0.196992864424057
BCH,1327,0.0355427473583092
WDAY,1058,0.0690252793880354
WDC,1210,0.3870047543581616
WDFC,1321,0.0765442872280746
SNV,1977,0.078295605858855
BCO,1161,0.1891640290448706
FRT,335,0.0911520190023751
BCOV,1143,0.1950286806883363
BCPC,1876,0.0594545901236589
BCRX,1541,-0.0609756097560976
BCS,240,0.1935897435897438
BCSF,107,0.1100840336134454
BAP,1463,0.057717823971694
WEC,30,-0.0095989761092151
BANR,121,-0.0034810126582279
CTLP,2011,0.1632183908045976
EBAY,1651,0.1854352544007715
SONO,1305,0.0934911242603551
BDC,1067,0.1037552155771903
SONY,1227,0.1684583114840061
WELL,120,0.1316552250190694
WEN,1955,-0.0353513035793194
BDN,98,0.0340204457851516
WERN,102,0.1378539493293593
WES,171,0.0584729981378027
BDX,1988,-0.0202909948879277
BE,1603,0.2955020920502091
BECN,1497,0.0382648228831219
SPB,1094,0.0505581089954036
BEN,1189,0.148218347232752
BEP,172,0.1558800315706392
SPCE,1576,0.5459770114942528
WEX,1654,0.1121906507791017
BERY,1240,-0.0185338408075458
WF,482,0.192517253904831
WFC,138,0.1094696052312909
DG,113,-0.036994923857868
SPH,1115,0.0566534914361001
BFAM,1207,0.2066561014263075
BFC,160,-0.1605257487610427
BFH,1234,0.068242166755178
BFIN,453,-0.0522317188983855
BFS,1710,0.037147843430566
BFST,160,-0.0591689250225836
BG,1571,-0.0002004610604389
BGFV,1604,0.0973952434881086
SPNS,1983,0.2094155844155845
SPNT,1422,0.1610169491525421
BGNE,1661,0.1895516959170682
BGS,1181,0.2008968609865471
WGO,268,0.1709548313321898
WH,18,0.0890478193801709
WHD,26,0.0535216872264228
BHB,1482,-0.048689138576779
BHC,1819,0.3566878980891719
BHE,1841,0.0374672161858373
BHF,1528,0.0789935634874194
BHLB,1666,0.0367892976588628
BHP,195,0.1481063658340047
BANF,1999,-0.063166250850533
WHR,1401,0.060865262264951
WINA,1788,0.1236907942161726
SPWH,1640,-0.0191285866099893
SPWR,1741,-0.1075984470327232
BIDU,1634,0.210264032173457
BIG,1423,0.1068027210884354
BIIB,1865,0.0541672685252059
SPXC,1279,0.0942878903274941
BIO,1972,0.1317986159004971
BAND,1226,0.0013071895424836
BIP,172,0.15972894482091
BJ,11,0.0529020556227328
BJRI,31,0.1963608794541318
BKCC,2001,0.0276243093922652
BKE,11,0.0178697390077591
SQ,1790,0.2920114576702737
WING,1479,0.1296323208835925
BKH,33,0.0149274950241682
BANC,1501,0.0489642184557439
BKI,1525,-0.0139271255060728
WIT,1757,0.064516129032258
SRC,1782,0.0563486100676182
SRCE,219,-0.098888679600678
SRCL,225,0.0521146522349167
BKNG,46,0.2063584216585288
BKR,1385,0.0768709786657635
SRDX,1096,-0.2277256740914418
SRE,30,0.0385660670376601
WIX,1884,0.1391383574124691
BAM,1295,0.1178932682246249
WK,1480,0.0629986900083363
BKU,1238,0.077082715683368
BL,1740,0.036717704771815
BLBD,1717,0.3790849673202612
BLD,428,0.2421240973864142
BLDP,1589,0.302713987473904
BLDR,1621,0.1664611590628855
BLFS,1561,0.3076923076923077
BLK,46,0.0709397005489465
BLKB,1310,0.0596330275229357
BLMN,31,0.1734592445328031
BLX,1842,0.0376543209876543
WLDN,1783,0.0638655462184871
BMA,75,0.3769792935444578
FRST,453,0.0185654008438818
WM,38,-0.027919428862825
WMB,135,-0.0446808510638297
WMK,1868,0.0628265888929393
BALL,1758,0.1151740320688305
BMI,1489,0.0653031275795652
WNS,1099,0.0735091886485812
WOLF,1065,0.1165990730011587
BAH,496,-0.070225794106391
WPM,234,0.1763050153531218
WPP,1457,0.1879576891781937
BMO,1680,0.1201986754966888
BMRC,48,-0.0909367396593674
BMRN,2025,0.1303507585273939
BMY,144,0.0225553376295881
WRB,37,-0.0105438401775805
WRK,3,0.0821956769055745
WSBC,60,-0.0294753921038398
WSBF,1945,-0.0076291079812206
WSC,1591,0.0515829090104051
BNS,391,0.1074465878448454
WSFS,1730,0.0273489192765767
WSM,1830,0.104493299465709
WSO,11,0.1153721682847899
WSR,1810,0.0635416666666668
WST,1843,0.1484394931541797
BOH,1834,-0.0367457452294998
BOOM,1719,0.1080246913580245
BOOT,1620,0.3982725527831094
BOX,1553,0.0263411500160617
BP,1572,0.037789865445176
BPMC,1601,0.0899338050673361
WTBA,122,-0.1420743639921722
BPOP,1785,-0.0094993968636911
BR,1030,0.1253261760978155
WTFC,1985,0.070752484619025
WTI,2022,0.1648745519713261
WTM,46,0.0596324761547872
WU,1138,0.0355846042120551
BRKL,484,-0.1045936395759717
BRKR,1163,0.051792245793709
STKL,1855,-0.0675355450236966
STKS,1939,0.1777777777777778
WW,1590,0.1554404145077721
WWD,1655,0.136114273884691
WWE,1104,0.2520431990659664
WWW,1140,0.363220494053065
BRSP,1626,0.1797752808988761
BRX,108,0.0151717983043284
BRY,26,0.1712499999999999
STRA,1716,0.1865423901940757
WYNN,239,0.2471201649084515
X,126,0.168063872255489
BSAC,465,0.0227272727272727
BSET,1376,0.1018411967779056
STT,1351,0.1632074255511153
BSIG,16,0.1005830903790088
BSM,1551,-0.023117960877297
BSMX,1079,0.0514096185737975
BSRR,219,0.0080037664783427
XEL,30,-0.0186849236913422
XHR,2012,0.1145675265553869
BAC,138,0.0670289855072465
BSX,356,0.0017289820618111
BTAI,1402,0.4902234636871507
XPER,1317,0.1521486643437863
BABA,1908,0.3687138154160516
BTU,1288,0.0060560181680544
BUD,167,-0.0063291139240506
BA,1112,0.1167515355136752
XYL,1078,-0.0835669711494979
BURL,1271,0.1096370092720457
BUSE,60,-0.0792807519411523
AGO,1723,0.0142948923867651
BV,1969,0.1538461538461539
BVN,1053,0.1288590604026844
B,1488,0.0702570379436964
AZZ,1318,0.0390547263681591
BW,1281,0.1351819757365684
BWA,1899,0.1259627329192547
BWB,160,-0.0783540022547912
YELP,1629,0.1239941477688368
YETI,1341,0.0675381263616556
YEXT,1615,0.0321592649310873
BWXT,1378,0.0494146005509643
BX,2026,0.2644561261625557
BXC,1609,0.1797215581493461
BXMT,104,0.0977798771846951
BXP,1940,0.0364013021604026
YMAB,1693,-0.0676229508196721
BY,1539,-0.0074009577710055
BYD,115,0.1228681459746927
YORW,1635,0.0126722987994665
BZH,1367,0.2351097178683385
YPF,75,0.3079434167573449
TARO,1418,0.0537190082644629
AZUL,1171,0.1751227495908345
BZUN,79,0.5433962264150944
C,1475,0.1538801680300685
AZTA,801,-0.0312607351425626
TBBK,1835,0.0278365045806907
AZRE,1836,-0.0371229698375867
CABO,46,0.1355463152867138
YUM,1890,0.0074953154278574
YUMC,262,0.1388838060384263
CAC,124,-0.0038759689922481
CACC,1283,-0.0388912310286677
CACI,27,0.0107122658771083
CADE,1921,0.0360908353609084
CAE,1170,0.1458117890382626
CAG,1903,-0.0480620155038759
CAH,1526,0.0131390659555092
CAJ,1962,0.0488929889298892
CAKE,31,0.2235887732576473
CAL,1173,0.1265709156193895
TBPH,1180,-0.0490196078431373
CALM,1051,0.031632460930145
CALX,1262,-0.1743387403185737
CAMP,1216,0.0044642857142855
YY,1397,0.2184235517568851
CAMT,1569,0.2208561020036428
Z,41,0.3576529028252093
CAPL,1992,0.1079172970247099
CAR,1667,0.1534801439638871
CARA,1538,0.1424581005586591
CARG,1701,0.207708779443255
ZBH,356,-0.0156862745098039
ZBRA,1518,0.2139542139542136
CASY,1743,0.0280365500334298
CAT,159,0.099496644295302
CATC,89,-0.0601974476282205
CATO,581,0.0911039657020365
CATY,218,0.0294189752390292
ZD,1375,0.1314791403286979
CB,74,0.0476427923844062
CBD,1602,0.3161290322580645
ZEUS,271,0.2784395473496128
ZION,24,0.0618388934092759
CBRE,1946,0.0927754677754677
CBRL,1211,0.1651346729371525
CBSH,0,-0.0392243278977521
CBT,1331,0.1217833632555356
CBU,1478,-0.1242255758538523
TDG,1907,0.1278329230524895
TDOC,14,0.1704016913319239
TDS,131,0.2392755004766444
FRPT,1851,0.1646768997536478
ZS,1898,0.1187667560321714
CBZ,1286,0.0040554962646743
CC,2013,0.1423905943827561
CCB,1653,-0.1035353535353535
CCBG,0,-0.0144615384615384
TEAM,44,0.2308050979173141
TECH,63,-0.0308880308880309
TECK,77,0.1012691697514542
CCEP,1965,0.0077729573391178
CCF,1530,0.0738465105495014
CCI,38,0.0920819817163078
CCJ,1229,0.1905602117335685
TEF,47,0.0672268907563025
TEL,25,0.0824912891986062
TER,23,0.1868345735546652
AYX,1465,0.092164989145451
CCK,1966,0.0797956452986254
CCL,150,0.3188585607940446
CCNE,233,-0.0163934426229508
TEVA,1182,0.1260964912280702
CCOI,1697,0.1921864050455501
CCRN,1967,0.0421528039141889
CCS,161,0.2189562087582484
EB,1388,0.4112627986348121
ZTO,1005,0.088202456270934
CCU,167,0.1844512195121952
ZTS,110,0.1506736885301962
ZUMZ,1517,0.1761729530818767
ZUO,1455,0.1635220125786163
CIGI,1891,0.119947848761408
THG,37,-0.0022200843632056
EAT,31,0.2212472579128799
CDNA,1449,0.3321647677475898
CDLX,1897,0.1038062283737024
CDMO,137,0.1619462599854757
CDNS,267,0.1555652390438247
AYI,1277,0.0996316647545438
CDW,1861,0.0880277746668158
CDXS,1971,0.3905579399141632
CDZI,1245,0.7719999999999998
CE,1174,0.1780125195618154
ASML,143,0.2516471449487554
CEIX,1932,-0.1429230769230769
CEVA,1735,0.3240813135261924
CF,1703,-0.0011737089201878
CFFN,68,-0.0543352601156069
CFG,24,0.095250190500381
CFR,1857,-0.0115183246073298
CGBD,90,0.0440251572327043
CGNX,1186,0.1271492252175758
CHCO,58,-0.0147122457810471
CHCT,1958,0.1687150837988829
CHD,29,0.0084356779555887
CSR,120,0.1148798363729333
CHDN,115,0.1759920541077424
CHE,1767,-0.0173775052406793
CHEF,1748,0.1060697115384616
CHH,1158,0.1030717329545454
AHCO,1223,0.1056191467221645
AY,120,0.057915057915058
CHRS,1509,0.0542929292929292
CHRW,1739,0.0646570554827434
CHS,1669,0.048780487804878
CHT,438,0.0491937687892867
CIB,465,0.0819901892081289
CIEN,1068,0.0017653981953706
CIM,1943,0.2618181818181819
CINF,1678,0.0332063678093563
CIO,1636,0.1458970282499694
CIVB,124,-0.0136301681054066
CIVI,1832,0.1783186604522701
DFS,350,0.1723397730757436
LADR,1434,0.0956175298804782
TMHC,1963,0.128500823723229
TMO,56,0.0484483103016215
TMP,28,-0.0372518690384119
CL,29,-0.0353767560664112
CLAR,1411,0.239795918367347
CLB,20,0.206216082881105
CLBK,89,-0.1022201665124884
CLH,1510,0.119172800560813
CLLS,1784,0.4952380952380952
BTI,167,-0.0555277638819409
DNOW,1361,0.041732283464567
CLW,1895,-0.0269769902142291
CLX,29,0.0194725874829346
CM,445,0.0904820766378244
CMA,1728,0.0774869109947644
CMCO,1797,0.099168463196797
CMCSA,10,0.1642178046672426
CME,109,0.0512012369172216
MO,167,-0.0310654123824108
CMG,46,0.1576948302330105
CMI,1913,0.0226587973090099
MS,794,0.1350270524582451
CMP,78,0.1009756097560976
CMPR,1201,0.0771459616081129
CMRE,1206,0.0879755805080126
CMS,30,-0.0140533712300647
PEN,1443,0.0994336060415355
SCL,1371,0.0206650385121172
CMTL,1663,0.2398340248962653
STAR,1021,0.1795543905635648
CNA,37,0.0279091769157995
CNC,1916,-0.0658456285818803
T,10,0.1019283746556474
AUY,2027,0.1081081081081081
CNDT,1241,0.1925925925925926
AXTI,1605,0.3401826484018264
CNHI,1131,0.0859277708592778
CNI,275,-0.0030282637954239
CNK,45,0.3244803695150116
CNMD,1339,0.0846119133574008
CNNE,1187,0.1447941888619854
CNO,1461,0.1076586433260393
CNOB,100,-0.0747624948368443
EA,1987,0.0569651334097232
CNP,1694,0.0003334444814939
E,101,0.0882763433356594
AXS,1815,0.1716817426619898
CNQ,247,0.0958040698721411
CNS,1476,0.0732651796778192
CNSL,1253,0.1955307262569832
CNTY,115,0.2702702702702702
FPI,1831,0.0409309791332264
CNX,1503,-0.0368171021377672
CNXN,1209,0.0319829424307036
TPC,1714,0.1894039735099337
CODI,1981,0.1910049972237644
COGT,223,0.2759515570934254
COHR,5,0.2829059829059828
COHU,1237,0.1485179407176289
COKE,1197,-0.0109468967414803
COLB,1942,-0.0136076999668104
COLD,120,0.1197456729071
COLL,1398,0.227155172413793
COLM,1057,0.037337291619091
COMM,1643,0.073469387755102
TPH,942,0.1619150080688542
BCC,12,0.0690257754477936
CONN,1188,0.2688953488372094
COO,1801,0.0558613597870796
COOP,1307,0.1400448542237726
COTY,1458,0.1635514018691588
COUP,754,0.0087154225085259
COWN,1933,0.0059554634904195
CPK,174,0.0418006430868167
CPRI,91,0.1191556175854851
CPRT,1354,0.0962391197240926
CPRX,1487,-0.1403225806451613
CPS,1047,0.4415011037527594
CPT,1,0.0712370396853772
CQP,1167,-0.0339370494109372
CR,1844,0.1641612742658038
CRAI,1325,-0.0031854937515315
CRC,1119,0.0992875201103193
CRI,11,0.0801501139257472
CRK,1931,-0.1013858497447118
CRL,1120,0.1211106011932079
CRM,1927,0.245116524624783
CRMT,1535,0.1137558815388872
CRNX,480,0.0912568306010928
CRS,1954,0.2582566323768274
CRSP,1953,0.2415744157441575
CRTO,1679,0.1385264773599386
CRUS,1448,0.2094522019334048
CRVL,1849,0.1557833895272826
TPIC,1269,0.321499013806706
CS,1821,0.1743421052631577
CSCO,82,0.0228523063901819
TPL,46,-0.1075662371013083
CSGP,1495,0.0185041407867494
CSGS,1733,0.0389860139860138
CSII,921,-0.0069750367107194
CSIQ,1652,0.3268608414239482
CSL,1578,0.0318692976872478
CSTE,1372,0.0507880910683011
CSTM,1504,0.2485207100591715
CSTR,9,-0.0469988674971688
CSV,1430,0.1434277414669571
CSWC,1020,0.1105263157894735
CSWI,1707,0.1450164104335809
CSX,835,-0.0267914783731439
CTAS,1588,-0.0233160621761658
CTBI,124,-0.0890485521445677
CTO,1974,0.0492341356673959
CTOS,1771,0.1139240506329113
CTRA,1178,0.0280830280830282
CTRE,36,0.0683530678148549
CTRN,1205,0.1858006042296072
CTS,1755,0.1397767630644342
CTSH,1236,0.1306172407763595
CHX,1744,0.1217571774472501
CROX,1088,0.1163884533800607
CUBE,1,0.089192546583851
CUBI,1309,-0.0557515878616795
CUE,1132,0.2403508771929825
CUK,150,0.336578581363004
CULP,1033,0.1568627450980391
CUTR,1659,-0.2256897331524197
CUZ,2028,0.0516619943932721
CVBF,28,-0.072621359223301
CVCO,2024,0.1821878453038674
CVE,171,0.0386398763523956
BTG,132,0.1484593837535013
CVS,2020,-0.052836304700162
CVX,2004,0.0462421304808067
CW,873,-0.028564584705671
CWH,1575,0.0882616487455196
CWK,1097,0.1420545746388442
CWST,1369,0.0075652502836969
CWT,209,0.0272097625329814
CX,1100,0.3135802469135804
DZSI,1823,-0.0228706624605677
ESRT,19,0.1127596439169138
CXW,1729,-0.0640138408304498
CYBR,1628,0.0707288854608561
CYD,1793,0.2846925795053003
CDAY,1929,0.1371784879189399
CYRX,1393,0.2968299711815561
CYTK,1543,-0.0560890440855521
CZNC,89,0.0139982502187225
CZR,115,0.2627403846153846
D,30,0.0205479452054793
DAL,66,0.1935483870967742
DAN,1774,0.1295439524124255
DAVA,1452,0.142875816993464
DB,1600,0.1553819444444444
DBRG,1107,0.2230347349177333
DBX,1085,0.0446827524575514
DCI,1930,0.0450144385935111
DCO,1498,0.1160928742994396
TRIP,1199,0.2836484983314793
CI,180,-0.0547473893885434
DCOM,1769,0.02626582278481
DCPH,1340,0.0970103721781574
DDD,119,0.368918918918919
DE,159,-0.017632241813602
DEA,1798,0.1037140854940434
DECK,1577,0.0547650065136786
RLI,1754,-0.0050278052868134
DESP,793,0.3547758284600391
DFIN,1709,0.1554980595084087
DGII,1867,-0.0495212038303691
DHI,161,0.0860444245007852
DHIL,1230,0.0161063668792562
DHR,56,0.0016577499811618
DHT,86,-0.0754504504504504
DIN,1598,0.1845201238390093
DINO,2010,0.1404894970129118
DIOD,1556,0.1828211189913318
DIS,1540,0.2626611418047884
DKS,1581,0.0473854850777286
DLB,1267,0.1299971647292315
ARMK,1622,0.0754716981132075
DLR,38,0.0901565772414481
CRH,1326,0.1628549886906258
DLTH,1070,0.0663430420711974
DLTR,1243,0.0637019230769229
DLX,1840,0.164310954063604
ARLP,1696,0.0098425196850393
DMRC,1549,0.1546782044348298
DNLI,1664,0.0978065444084863
DOC,50,0.0955056179775279
DPZ,1502,0.0220554272517321
DQ,1365,0.211085211085211
DRD,1794,0.1297297297297295
DRH,88,0.1636141636141637
DRI,1426,0.0881131112892645
DRIO,1203,0.3948598130841121
DRQ,1432,0.1048951048951047
AXP,2,0.0587516131223255
DCP,1215,0.0832688837329209
DSGX,1641,0.0325915290739411
DSKE,1329,0.165202108963093
DVA,1373,0.0661577608142494
ESNT,177,0.0974794238683127
DXPE,1698,0.0820326678765879
DY,1083,-0.0185897435897435
EAF,869,0.25
AIR,917,0.124498886414254
EBIX,1820,-0.0255511022044089
AXON,1029,0.1591032363044657
EBR,1395,0.0630517023959646
ECL,59,0.0432124209947786
ECPG,1633,0.1462244472256988
AXNX,831,0.002079002079002
ECVT,1511,0.1930022573363432
ED,30,-0.0045115937467212
AXTA,1896,0.1291715744012564
EFC,136,0.1115602263540824
EFSC,60,0.0606617647058822
EFX,2000,0.1174109899156203
EGO,1952,0.1519138755980862
EGP,241,0.1278535728758612
EGRX,1179,0.1375299349982894
EHC,120,0.0334392242099983
EHTH,1427,0.4669421487603304
EIX,1306,0.0746620559572461
EL,1721,0.1012051106364113
ELAN,687,0.1358428805237315
ELF,1049,0.0471971066907774
ELP,1246,0.0445062586926285
DFFN,1905,0.1923358313724716
FLEX,1520,0.1150978564771667
ELS,1,0.0602167182662538
ELV,180,-0.0210148741641812
EMN,106,0.1265962671905698
EMR,1816,-0.0566312721215906
ENB,135,0.0396419437340151
ENLC,103,0.0772357723577235
ENPH,985,-0.2149003623188404
ARLO,1795,0.0598290598290598
ENTG,1542,0.2460740966610763
ENV,1557,0.0706645056726094
ENVA,1219,0.1402137086265311
EPAC,1817,-0.0039292730844793
EPAM,1311,0.0501312015622139
EPC,1760,0.0635703165542294
EPD,135,0.0912106135986732
EPR,1084,0.1142629904559915
EQBK,1922,-0.0857055402509948
EQC,982,0.0256307569082898
EQH,18,0.0905923344947736
EQIX,56,0.1132161885715159
EQNR,970,-0.1343198634035287
ERF,171,0.0192634560906515
ERIC,1066,0.0051369863013699
ERIE,1125,0.0125656565656566
ERII,1025,0.0380673499267936
ES,30,-0.0419847328244276
ESI,1519,0.1061022539857063
ESLT,1280,0.0046939770787612
BRC,1720,0.1260934499679966
ESS,185,0.0267553793884485
ESTA,1425,0.0265041888804264
ESTC,1212,0.1122330097087378
ESTE,1858,0.0400562192550948
ET,18,0.1373209772535806
ETD,1937,0.0068130204390612
CHUY,1791,0.1915194346289752
AXSM,1989,-0.0729936470893296
ETN,25,0.0251672507167888
ETR,30,-0.0358222222222222
ETRN,1366,0.0835820895522387
ETSY,857,0.1232259141759892
EURN,86,-0.1021126760563378
EVA,1523,-0.139512931848216
EVBG,1347,0.0689655172413794
EVC,1248,0.3187500000000001
EVH,1879,0.1107549857549858
EW,1358,0.048250904704463
EWBC,1875,0.1323216995447647
EXPD,1870,0.0412817551963047
EXPE,1136,0.3325342465753427
EXPI,1453,0.4386281588447653
EXPO,1825,0.024018568977697
EXTR,1673,-0.040415073730202
EYE,1594,0.0340557275541795
FAF,1285,0.1759648452426441
FBP,1880,0.0628930817610062
FC,1464,-0.0307889672867223
FCBC,124,-0.0436578171091444
FCN,1499,0.0138539042821157
FCNCA,46,0.0126193364628934
FCX,1630,0.197944122298366
FDS,1970,0.0480546347299419
FFIN,2019,0.0014534883720931
FFIV,710,0.0299630687756951
FFWM,1228,0.1018841591067689
FHB,1302,-0.0230414746543777
FHI,120,0.0531534012668686
FHN,484,0.0048979591836735
FIBK,92,-0.0243208279430788
FICO,1260,0.0793043536369406
FIS,236,0.1037582903463523
FISI,61,-0.0123152709359606
FISV,112,0.0513505491243693
FL,1877,0.1574445335471799
FLGT,1293,0.1178643384822026
FLO,29,-0.0709812108559498
FLR,1145,0.0577034045008655
FMBH,124,-0.005299251870324
FMC,1328,0.0488782051282052
CHTR,211,0.210232969625479
FMX,825,0.1065028161802355
FN,565,0.0569333957260957
FNB,65,0.0459770114942528
FND,1022,0.2167169323567428
FNKO,1233,0.1301558203483042
FNLC,68,-0.0138513513513514
FNV,63,0.0836752637749123
FOX,441,0.1149384885764499
FOXA,441,0.1182087586433979
FOXF,1749,0.1967554532500275
FR,241,0.0932449233319518
FRC,1607,0.1407316070694615
HUBS,1682,0.23774772593643
DXCM,1631,-0.0581949841045565
TWI,1901,0.0770234986945168
FRGI,1345,0.1319727891156463
FRME,1512,-0.0180004864996351
FRO,86,0.101317957166392
FRPH,51,0.0397326401782398
FSLR,1486,0.1711729754990321
FTI,1911,0.1410992616899098
FUL,1270,-0.046076514939961
FULT,60,-0.0392156862745095
G,249,0.0319516407599309
GABC,124,-0.0107238605898123
GAIN,1346,0.0506625097427904
TWLO,1750,0.2136437908496731
GATX,1447,0.0716569494075605
GBCI,0,-0.0764872521246459
GBDC,107,0.0509118541033435
ESGR,1711,0.0622835872576177
DXC,1559,0.0777358490566038
GCO,1761,0.0371577574967403
GD,242,-0.0756169712687927
GDDY,1625,0.0998396150761831
GDOT,1045,0.1118836915297092
GDS,97,0.2672162948593597
DX,107,0.1768437747819191
GDYN,1957,0.0909090909090908
GE,1493,-0.0316266857620242
GEF,1350,0.0450342976439008
GEN,663,0.0597293513765748
GEO,1670,0.0429223744292237
GFF,1828,0.1123218776194467
GFI,200,0.1855072463768114
AXL,1505,0.0690537084398976
GGG,1702,-0.0061166641802177
GH,1685,0.1422794117647059
GHC,1806,0.0515880240313797
TXRH,1168,0.0889499725123694
TXT,1185,0.0186440677966102
GHL,1290,0.2995121951219512
GIII,748,0.174325309992706
GIL,532,0.1120437956204378
GILD,232,-0.0259755387303435
GILT,1762,-0.0258620689655171
GIS,29,-0.0782525204032644
GL,1938,0.0081435931527338
GLDD,1483,0.119327731092437
GLNG,1081,0.0215006581834138
GLOB,1494,-0.0425190294957184
GLP,864,0.0509059534081102
FIZZ,634,-0.0520094562647754
GLPG,391,0.0042812077512393
GLPI,1544,0.0153580341716259
GM,42,0.0844233055885848
GMED,1537,0.0122525918944393
GMRE,1244,0.140295358649789
GMS,1249,0.1457831325301206
AXGN,1866,0.0
FIX,871,0.0374522071602363
UBA,1925,-0.0005347593582886
GNK,1909,0.1243489583333332
GNL,896,0.1801801801801801
GNRC,1222,0.1222928670772898
GPC,1900,-0.0318137283153707
GPMT,1792,0.171641791044776
GPN,236,0.1329037454691906
GPOR,1377,-0.0435904399782726
GPRE,1195,0.0209836065573769
GPRK,1127,0.0381877022653722
GPRO,1462,0.2048192771084336
GPS,1474,0.2048517520215633
GRBK,1926,0.2261659100288897
GRC,35,0.0854800936768149
GRFS,2007,0.0776470588235294
GRMN,2005,0.0652291689240436
UBS,442,0.1612212104981252
UBSI,53,-0.0219807359841935
GS,188,0.0337526938086085
GSBC,124,-0.059505799293999
FIVN,1268,0.1564986737400531
GTES,1109,0.119193689745837
FIVE,768,0.0948719398428223
GTHX,1585,0.2099447513812156
GTLS,920,0.1150741994272326
GTY,1146,0.0602658788774002
GVA,1114,0.174222982606216
GWRE,1292,0.162084398976982
GWRS,1275,0.0339366515837105
GWW,111,0.0156044943820223
UCTT,1389,0.0280542986425338
H,1928,0.2359314538419017
HA,1997,0.1910331384015595
HAE,1964,0.1176096630642085
HAFC,81,-0.0686868686868686
HAIN,1135,0.177379480840544
HAL,87,0.0419313850063531
HALO,1322,-0.0636203866432336
HAS,1149,0.0454023930503195
HASI,1124,0.1853002070393374
HAYN,1225,0.2501641497045306
HBAN,2023,0.0581560283687943
HBI,1567,0.2389937106918238
HBM,1763,0.1301775147928994
HBNC,61,-0.0154155495978552
HCA,1826,0.0620520086681113
HCC,49,0.0949769053117781
HCCI,1108,0.1628694581280789
HCI,1781,0.2738065167971708
HCKT,1799,0.0976926853215511
HCM,231,0.3416779431664412
HDSN,1342,-0.0296442687747034
HE,71,-0.0088410991636799
HEAR,549,0.2789400278940028
HEI,561,0.1011462810993877
UDR,185,0.0698826597131681
HEP,1968,0.0883002207505516
UE,108,0.1050390347764371
HFWA,58,-0.0858355091383811
HGV,2008,0.2117280747275558
HHC,1296,0.1012823868097356
HI,1374,0.0630419498476682
HIBB,1813,-0.0164174728818529
UEC,1902,0.0180412371134022
UEIC,1459,0.0797693416626621
HII,1415,-0.0569620253164557
HIW,1752,0.041458184417441
FITBI,366,0.0228384991843393
HL,1087,0.1456834532374102
HLF,1297,0.1384408602150537
BRO,1746,0.0243988063893276
FITB,24,0.0978360256019506
UHAL,63,0.1083236418009636
HLI,1424,0.112322166131253
HLIO,769,0.2220791168353266
HLIT,1313,0.1305343511450383
HLNE,2003,0.1889480275516593
HLT,278,0.1400759734093066
CHKP,128,0.0259194673430565
CHK,1062,-0.068983787220515
HLX,20,0.0867208672086721
HMC,99,0.0616797900262466
HMN,1778,-0.0885737222370884
HMST,1254,0.0485859318346628
HNI,1467,0.0654238480478368
UL,29,-0.0045680238331679
ULH,1023,0.0777511961722488
ULTA,1531,0.0804783934167607
AX,1218,0.1004709576138147
HOFT,1116,0.077005347593583
HOG,1151,0.0596153846153846
HOPE,1924,-0.0320062451209992
HOUS,1558,0.267605633802817
HOV,1668,0.3426806083650191
HQY,948,-0.0394224529526281
HR,50,0.0985988583290089
HRB,1217,0.0561490002738975
HRI,105,0.1620430189252868
HRL,33,-0.0114840989399294
UMBF,1364,0.0501676245210727
HSBC,442,0.2028241335044929
HSC,1242,0.2225755166931637
HST,420,0.1426791277258565
HSTM,1278,-0.0454911433172302
HSY,11,-0.0499201105497257
HT,1433,0.0704225352112675
HTBI,272,0.0968142325196523
HTBK,784,-0.0438461538461538
HTHT,262,0.2015558698727015
HTLD,2018,0.0691003911342893
HTLF,60,-0.033033033033033
UMC,1105,0.2067381316998469
HUM,180,-0.0250492981120288
HUN,593,0.1546579330422124
HURN,1294,-0.0508264462809917
FINV,40,0.125
HWC,160,0.0334779913205207
HWKN,607,0.0038860103626943
HXL,1080,0.151571792693288
HY,1704,0.2580007902015013
IAC,1444,0.2594594594594595
IART,1695,0.013732833957553
IBN,1725,-0.0470534490634994
IBOC,53,-0.0185751748251749
IBP,428,0.2640186915887852
UNH,180,-0.0711079256101699
ICE,109,0.0545862169802124
ICFI,1141,0.0212014134275619
ICHR,1677,0.2788963460104399
ICL,880,0.1012311901504789
ICLR,1196,0.1894465894465895
ICPT,866,0.4850444624090544
ICUI,1255,0.1884048768097537
IDA,30,-0.0267964765878535
IDCC,1213,0.3952022768855459
IDT,953,0.0308839190628327
IEP,1753,0.0592300098716682
IESC,1579,0.0860275513072814
IEX,176,0.0281009879253568
IGT,1093,0.175925925925926
IIIN,1802,0.0712209302325581
IIIV,1177,0.205012325390304
IIPR,1261,-0.1473112974839664
ILMN,1314,0.0523244312561821
ILPT,1202,0.2139791538933169
IMAX,1608,0.180081855388813
IMGN,2017,-0.0504032258064516
IMKTA,660,-0.0170318828538789
IMMR,1765,0.0361723591295575
IMO,247,0.108945424702503
IMOS,1037,0.0961269248716751
IMXI,1413,-0.027492819039803
INCY,417,0.0708416334661357
INDB,484,-0.0740258202060878
INGN,1847,0.1557584982242517
INGR,1414,0.0482998059838659
INN,5,0.1468144044321329
INSM,730,0.0740740740740741
INSP,1546,0.0094092424964269
INVH,1,0.0836707152496625
IONS,1737,0.042626423087106
ESE,1147,0.0786645323576493
IOVA,1998,0.2034428794992175
IP,3,0.0750794109153911
IPAR,1485,0.1667012018234563
BOKF,1950,-0.044031216880239
IPWR,1606,0.2037270679713274
IQV,800,0.1153301771682366
IR,777,0.0627751196172248
IRBT,1887,-0.0529815084147102
IRDM,1043,0.1509727626459143
IRS,212,0.3284518828451881
IRT,1492,0.106761565836299
IRTC,1917,0.0380057649193978
IRWD,1885,-0.0871670702179177
ISEE,785,0.0200840728631479
DEO,29,-0.0231213872832369
ISRG,1597,-0.055775390993028
CPSI,1200,0.0554739162380604
URBN,1775,0.120754716981132
URGN,1592,-0.0529875986471249
URI,105,0.2140003376287209
DENN,1312,0.2953311617806731
IT,1570,-0.0214791455940975
ITCI,1484,-0.0784202569916855
ITGR,1031,0.049371895997663
ITRI,1807,0.0912142152023693
ITRN,533,0.0411736867013725
ITT,1956,0.1202219482120838
ITUB,1044,0.0594479830148619
ITW,2015,0.037993645029505
IVZ,1050,0.0266814897165093
AWR,209,0.0263641274986492
IX,1176,0.086313959264779
J,1102,0.0220704588989757
JACK,1568,0.0971713322585372
JAZZ,860,-0.0293766869625259
JBGS,1362,0.0247629083245521
JEF,1303,0.1441073512252042
JELD,1304,0.2103626943005181
USM,1082,0.147242206235012
JJSF,2009,0.0048092979760872
JKHY,217,0.0327523353839143
JKS,1252,0.3833170254403129
JLL,1550,0.1416201292589571
USNA,1811,0.0460526315789473
JNJ,156,-0.0439286725162751
JNPR,1808,0.0112640801001251
JPM,138,0.0515324519230768
JRVR,1910,0.0387374461979912
USPH,1812,0.1815377020856472
JWN,1534,0.1418835192069392
KAI,1416,0.1310255398319897
KALU,1915,0.1846439957492029
KALV,1359,0.2411242603550296
KBAL,1918,0.1
KBH,161,0.1742543171114599
KBR,1407,-0.037121212121212
KDP,120,-0.014946418499718
KE,1593,0.116423196104471
KELYA,562,0.0372781065088758
KEN,1417,-0.0496969696969696
KEP,1323,-0.0428240740740741
KEX,1665,0.0119658119658121
KEY,24,0.0752009184845003
KEYS,1888,0.0525515870696207
KFRC,1214,0.0184205726791903
KFY,1046,0.0950217305412881
KGC,132,0.1858190709046454
AWK,208,0.0247998950268992
KHC,1384,-0.025792188651437
KIDS,816,0.1492574880442989
UTHR,1736,-0.0498399798626342
KIM,108,0.0443814919735601
AWI,846,0.10001457938475
UTI,1379,0.0803571428571428
UTL,874,0.0093457943925234
KKR,1687,0.1917277035760447
KLAC,168,0.1372039360263108
KLIC,1532,0.1929507455942158
UTMD,1473,-0.1171789515567492
KMB,29,-0.0403683241252301
KMDA,1731,0.144638403990025
KMPR,1324,0.1184959349593495
KMT,1675,0.1483790523690773
KMX,583,0.0881918213171293
KN,1688,0.1674786845310596
UTZ,770,0.0346784363177805
CPG,171,0.0475524475524475
KNSA,1745,-0.0807743658210948
KNSL,1623,0.0411058427653716
KOP,1536,0.1592198581560282
KR,1766,-0.0026917900403767
KRC,117,0.0118955262477373
KREF,1779,0.1060171919770771
UVSP,60,0.0088021431305014
UVV,167,0.0146041506533436
KRG,1144,0.0105718404613168
KRO,999,0.2085106382978723
KRYS,1334,0.0600858369098713
KT,133,0.0733333333333332
KTOS,1993,0.0649224806201549
KW,1360,0.1036236490781945
KWR,1456,0.1229207950519426
KZR,599,-0.0440340909090908
L,37,0.0483456197497
LASR,1370,0.2021696252465481
LAUR,1951,0.1434511434511436
LAZ,1514,0.1736371502740119
LAZY,1627,0.0762144053601339
LBAI,60,0.0459965928449745
LBTYK,164,0.1374163664436438
LC,1451,0.0420454545454545
LDOS,27,-0.070443958551193
LE,1276,0.1462450592885373
LECO,1496,0.112256903591944
LEG,85,0.0958734098665841
LGND,679,0.0437125748502993
LHX,344,-0.0560491811152202
VAC,1982,0.1656883869529681
LITE,2029,0.1475944029135518
LIVN,1515,0.0028808066258552
LL,1041,0.0498220640569395
LLY,1960,-0.0487371528537065
LMAT,1450,-0.0015210777922642
VALE,919,0.1373011196228639
LMT,344,-0.0548418261423667
LNC,623,0.0931307793923381
LNG,1003,0.0120032008535608
EQT,466,-0.0215784806384864
DVN,171,0.0684441554218826
CPF,1948,0.0759368836291913
LNN,1583,-0.0658888547743321
LNT,30,-0.0137656221698967
LNTH,1941,0.0957613814756672
LOB,1777,0.009271523178808
LOCO,1863,0.1746987951807226
LOGI,559,-0.0522088353413654
LOMA,1742,0.1179195934837842
LOPE,774,0.0759038425137232
LOVE,1803,0.1708314402544297
LOW,95,0.0180598294909952
LPG,1582,-0.0332453825857519
LPL,133,0.1330645161290322
LPLA,1257,0.0743396400980711
LPX,12,0.1337837837837838
LQDA,1991,0.0612244897959182
LQDT,1460,0.0583214793741109
LSCC,1564,0.186035758323058
LSI,1,0.0783608914450035
LTC,36,0.0551626591230549
LTHM,905,0.2878711625566179
LULU,1871,-0.033678756476684
LUMN,1153,-0.0153256704980843
LUNA,725,0.0307167235494882
LUV,1574,0.0656716417910447
LVS,239,0.2142708550031205
LX,79,0.8736842105263158
LXFR,1639,0.1889705882352943
LXP,848,0.1437125748502996
LXU,2002,-0.0458646616541353
LYB,1833,0.1424786221847525
LYTS,833,0.2238562091503269
LZB,1024,0.2081507449605608
M,2030,0.1365617433414043
MA,110,0.0865520320285722
MAA,1,0.0444644348775944
MAC,34,0.1785079928952042
MAG,1308,-0.0639795265515035
MAN,847,0.0606898209349839
MANH,937,0.0408566721581549
MANU,1299,-0.0300042863266181
MAR,278,0.1725434884814294
MAT,727,0.1378923766816144
MATV,1978,0.2583732057416268
MATW,972,0.2339027595269383
MATX,960,0.0068788993760997
VBTX,218,-0.0395299145299145
MBI,1768,0.0412451361867705
MBIN,1984,0.0608552631578946
MBUU,1824,0.0666041275797373
MBWM,484,-0.0044802867383512
MC,1674,0.1894709408391974
MCFT,739,0.0784692694240432
MCHP,995,0.1140213523131672
MCK,242,0.0239923224568137
MCO,186,0.142093173497954
DEI,1332,-0.013392857142857
MCRI,115,0.0106645857718818
MCS,1563,0.0486448922863098
MCY,1617,0.0163742690058477
MD,781,0.0269179004037685
MDB,44,0.0578642552326762
MDC,161,0.2056962025316455
MDGL,933,0.0357967269595176
MDLZ,29,-0.0319579894973744
MDRX,698,0.0243764172335601
MDT,112,0.0530108080288214
MDU,855,0.021094264996704
MEI,1128,0.0571880650994576
MELI,46,0.4045424465872564
FPAC,52,0.008964143426295
MET,958,-0.0020726820505735
META,1001,0.2240319095894964
METC,1142,0.1740614334470991
MFA,13,0.1695431472081219
MFC,1859,0.117152466367713
MG,1011,0.0527383367139961
MGA,870,0.1044855820576717
MGEE,30,0.0024147727272725
MGI,639,0.0
MGIC,1118,0.0054359697682691
MGNI,682,0.0793201133144476
MGNX,1165,-0.1177347242921013
MGPI,810,-0.1094190637337845
VCTR,116,0.1036153559448378
AVY,1657,0.0394475138121546
DVAX,1239,0.1071428571428569
AVNW,1671,0.0125040076947737
AVNT,1231,0.17239336492891
AVNS,637,0.1141906873614191
AVID,1055,0.1711169612636329
AVGO,1914,0.0705560424230502
DUK,30,-0.0160209729099911
MCD,110,0.0424619587902708
APD,1014,0.0270875235191072
AVD,1092,0.0317825886688161
EQR,185,0.0547457627118643
AVB,185,0.0738608221892025
AVAV,1683,0.0308195190287181
VHI,1266,0.1677272727272727
AVA,71,-0.0843482183130356
VIAV,1533,0.0732635585156993
FGEN,1644,0.3801498127340823
CPE,62,0.1833378269075221
CPB,29,-0.1012770485987939
EPRT,116,0.0511291009799745
AUPH,1399,1.1319444444444446
VIPS,903,0.1642228739002933
AUDC,2021,0.0586920067076579
AMX,1713,0.1697802197802198
AUB,160,0.0825270347182698
AU,200,0.1246138002059731
ATXS,1545,-0.0597716588314305
ATVI,1565,-0.0124101894186806
ATUS,1263,0.032608695652174
ATTO,1333,0.3995271867612291
FOSL,1274,0.2993039443155452
EOLS,1995,0.3981358189081225
ATSG,998,0.0646651270207852
ATRO,1259,0.4038834951456311
ATRC,1282,-0.0277151870211808
ATRA,1522,0.50609756097561
VMC,189,0.025184169950317
ATR,123,0.0255501000181852
ATOM,983,0.0618971061093249
ATO,502,0.030427411439279
ATNI,1616,0.0617965129110571
GGB,1035,0.1823104693140793
FFIC,272,0.0242518059855523
EOG,87,0.0561771561771562
VNO,64,0.0725612686208554
DDS,509,0.1927289603960396
ATLC,620,0.1973282442748092
ATKR,1441,0.0986598483512608
FORR,1343,0.0243288590604027
DTE,30,-0.0355653875606228
ATI,1738,0.2156731413261887
ATHM,1906,0.2264705882352942
VPG,436,0.1223803363518758
ATGE,1344,0.0926760563380282
FFBC,0,-0.035080478745357
ATEX,787,0.1473422443270124
ATEN,633,-0.0541190619362597
ATEC,1554,0.0331983805668016
ATCX,807,0.0718446601941746
VREX,1412,0.0251231527093596
VRNA,231,-0.129735935706085
VRNS,1004,0.1194653299916457
ATCO,1873,-0.0197238658777121
VRNT,1764,0.0443770672546857
VRRM,1894,0.1287057122198118
VRSK,59,0.0259040925065185
VRSN,1000,0.0606016355140186
VRT,1396,0.0285505124450951
HES,87,0.1312931885488648
ASX,1642,0.2121212121212121
FORM,651,0.2937471884840306
ASTE,1301,0.045499262174127
VSH,1637,0.0681502086230876
ASR,1975,0.2428430404738399
VST,1394,-0.0172413793103447
ASPS,1026,-0.3921775898520084
ASPN,1584,-0.0882103477523323
VSTO,1166,0.181780878128847
ENTA,1507,0.1072656921754082
ENSG,1573,-0.0268470563365395
ASND,876,-0.0049127978383689
DELL,11,0.0273182957393485
VTR,1130,0.1265260821309657
ASIX,712,0.1375591793792738
ASH,868,-0.0077187761554914
ASGN,900,0.0906971035837014
CPA,1198,0.1100156306360464
ENS,832,0.0805796316359697
VVV,1472,0.09739663093415
ASB,65,-0.0238198354265916
CP,1756,0.0312374312910577
FET,890,0.1037288135593221
ARWR,1075,-0.1794871794871795
ARW,17,0.1226929329635651
ARVN,1175,-0.0868167202572347
VZ,10,0.0381541634441866
ARTNA,1994,0.0464322294298396
W,872,0.7087260565521436
WAB,25,0.0502776375567894
WABC,0,-0.0611760718522284
WAFD,1420,0.0137108792846498
WAL,183,0.2076897246474145
ARR,1860,0.1030871998555698
DOX,1912,0.0041804180418041
CG,988,0.1829758713136728
AROW,122,-0.0277286135693214
AROC,1800,0.0489977728285078
FELE,1155,0.0830094043887148
ARNC,1645,0.110586011342155
ENR,1224,0.0915052160953799
BK,225,0.1201859229747674
DOW,1718,0.1534034530660843
ARI,975,0.0929368029739776
ARGX,1208,0.0086318401393765
ARGO,1596,0.0588007736943907
ARES,1529,0.1865867913500876
ARE,182,0.0791515068305073
ARCT,763,0.1792452830188677
ARCO,669,0.0514354066985645
DOV,1264,0.0597444797282327
AMWD,1944,0.0832992222677035
PVH,91,0.2625017707890635
ARCH,49,0.0506337978850059
ARCE,1552,0.0074074074074073
ARCC,107,0.0622631293990256
ARCB,1319,0.1513420902341518
WIRE,146,0.1182928602588337
COST,56,0.0915662650602409
DORM,996,0.1544454062074933
DOOR,1134,0.0997394864160774
AR,196,-0.058405937399161
DOOO,1406,0.0667976424361493
AQUA,976,0.1949494949494949
WLK,77,0.1425785059488979
WLKP,984,0.1046808510638297
CORT,1348,0.1294928606597736
DOMO,771,0.0042134831460673
AQN,1850,0.1196319018404907
WMS,1429,0.1339514456508479
WMT,113,0.0029621270893576
WNC,706,0.1114564831261102
APTV,1770,0.1467840652850853
APPS,1137,0.1062992125984252
APPN,1409,0.267199017199017
DD,856,0.0743115255719075
APPF,1392,0.0907193015752514
APOG,1437,0.00472334682861
APO,214,0.1040915503997492
WOR,521,0.1227117280225307
WOW,1481,0.2579582875960484
WPC,472,0.0893154190658986
APLS,1040,0.0206923225681685
APLE,1980,0.1064638783269962
APH,301,0.0295508274231679
APEI,531,-0.0040683482506101
FE,6,-0.01311397234144
APAM,947,0.1983164983164984
DOCU,1470,0.0573800072176109
FDX,1611,0.0978060046189377
WRLD,1862,0.6452835911434638
APA,1848,-0.022834984920293
FOR,571,-0.0317975340687864
AOSL,1048,0.1662583129156458
AOS,1618,0.0281271837875611
AORT,863,0.0321782178217822
AON,489,0.0822949290331178
COP,87,0.0563559322033899
FDP,626,0.0427644138984344
ANSS,575,0.1034397119086054
ANIP,1973,0.0820283370618941
ANIK,1117,0.0625
ANGO,511,-0.0559186637618009
WTRG,30,-0.016760946993505
WTS,11,0.0736510975859947
WTTR,795,-0.0606060606060606
ANF,1614,0.2151898734177215
WTW,697,0.0364706844386293
ANET,1071,0.0217552533992584
COF,350,0.2486015490533561
NOK,877,0.0366379310344826
ANDE,550,0.0563018005144326
WY,1732,0.0854838709677419
ANAB,809,-0.212326556953856
EME,1032,-0.0108813192754799
AN,419,0.0950605778191986
AMZN,188,0.1811904761904761
AMTB,1012,-0.0052160953800298
AMT,38,0.043283300292646
AMSWA,572,0.0061307901907357
AMSF,72,0.0415624398691554
AMSC,1054,0.4483695652173913
AMRC,1338,0.1011550577528876
AMR,1996,0.1449552565065921
AMPH,707,0.1106352605281941
AMP,1184,0.1155859588271188
AMOT,2006,0.1097385808675668
AMNB,124,-0.0552396425670186
AMN,796,-0.0377358490566037
BIOX,729,0.0357439733998339
XENE,1726,-0.0324625919350748
AMKR,600,0.2702251876563804
MUR,171,0.0544059521041619
AMH,1,0.1041804910418049
FOLD,404,0.0786240786240786
AMGN,144,-0.0295461468169356
AMG,364,0.0563655873256327
AMEH,622,0.1358567083474147
AMED,616,0.0912137898012925
AME,301,0.0274119667907244
AMD,1357,0.1604137718079357
AMCX,776,0.1301850670070199
AMBC,1976,0.0034403669724769
AMBA,819,0.0980177550772225
AMAT,83,0.1868966933661944
AMAL,160,0.0355902777777779
AM,196,0.0236518448438978
XNCR,653,0.2204301075268817
XOM,1221,0.0676337262012694
ALX,723,0.0905662092156684
ALV,1827,0.109036301906503
ALTR,487,0.1579063118539696
ALTO,1013,0.1388888888888888
ALT,673,-0.1544072948328266
MHO,161,0.2628843655262018
ALSN,854,0.0735576923076921
XPO,1265,0.1381796335235807
XRAY,1435,0.1576633165829146
ALRM,1069,0.0681083265966047
XRX,1194,0.1760273972602741
ALNY,1647,-0.0254996844098464
ALLY,950,0.3202453987730063
ALLO,1919,0.2448330683624802
ALLK,1353,-0.1484560570071259
ALLE,1454,0.0759072772183164
ALL,94,-0.051622418879056
ALKS,569,0.0907003444316878
AMTX,1689,0.0580808080808081
ALK,898,0.1951560316721006
FCPT,73,0.1002699575780949
ALGT,1056,0.239299897043683
ALGN,1878,0.2467994310099572
ALG,1442,0.0900990099009899
DBI,696,0.0674846625766871
ALEX,563,0.0282968499733049
ALE,33,-0.0517749186172686
SR,71,0.0319488817891373
ALBO,570,1.0337806571031931
FCFS,1490,0.0483258543320677
ALB,506,0.2886193857788433
AL,1648,0.1618948464341487
KAMN,1193,0.0713004484304933
AKTS,1690,0.2411347517730497
FCF,60,-0.0250536864710093
FCEL,1595,0.2338129496402878
AKR,244,0.056445993031359
AKAM,1892,0.0374851720047448
AJRD,1699,0.0076881816556408
AJG,489,0.0461970934549698
AIZ,1586,0.0457380457380456
AIV,799,0.0603932584269661
AIT,1300,0.0822819963500753
FBNC,991,-0.1097105508870215
AIRG,1273,0.1090629800307219
FBMS,1612,-0.0621680724773507
AIN,647,0.0974743888832538
AIMC,678,0.0225941422594142
FOCS,16,0.1907700563455863
CERS,1258,-0.1506849315068492
FBK,213,0.0323741007194244
CMC,222,0.1493250259605401
AIG,1853,0.0117014547754585
EIG,72,0.0032460004637142
DK,155,0.0174074074074073
ZG,41,0.3607818007049022
AHT,1691,0.447427293064877
EXR,1,0.0616252208180458
ZLAB,909,0.4485342019543974
AHH,676,0.0756521739130433
EGLE,43,0.0696836203444133
AGYS,1036,0.0686125852918877
AGX,1157,0.0466703056768558
AGS,790,0.2235294117647059
AGNCN,843,-0.0063316185199842
EGHT,778,0.1226851851851851
AGNC,245,0.1111111111111111
AGM,779,0.1774465442285513
CEQP,912,0.0492554410080183
FATE,971,-0.4747274529236868
ZWS,1428,0.0312056737588652
AGIO,1881,0.0940170940170941
ZYME,1650,0.2404580152671755
AGI,132,0.132542037586548
AGCO,1436,0.0027399235705529
AG,1380,-0.0179856115107913
EGBN,1684,0.0554791380100871
EGAN,1090,0.0686600221483944
FAST,1789,0.0483939137785291
AFL,1838,0.0141784820683903
CEPU,212,0.1262626262626263
FARO,969,-0.0683441006460388
FARM,1320,0.0412147505422992
AFG,431,0.0387795419623913
AMRK,916,0.1342981186685963
AER,543,0.1147119341563787
AEP,30,-0.0206424433912586
AEO,131,0.136103151862464
FANH,747,0.0567567567567568
FANG,171,0.0958473461032314
AEM,977,0.098288132333141
AEL,649,0.0160017536168348
AEIS,1610,0.1105152716250874
FNF,249,0.1629452418926102
AEG,878,0.0892857142857144
AEE,30,-0.0165317139001349
CENX,324,0.3691931540342297
ADUS,752,0.0747813850638257
ADTN,859,-0.0015965939329429
CENTA,277,0.0784916201117318
ADT,1566,-0.0540242557883131
ADSK,742,0.1155348638090651
MGRC,399,-0.0224821973550355
MGTX,1204,0.1303680981595092
MGY,26,0.0153518123667377
ADP,250,-0.0562254040023445
ADNT,817,0.2150475641395215
MIDD,2031,0.1235250186706495
MITK,614,0.020639834881321
ADM,881,-0.0856219709208399
ADI,805,0.0409071511308907
MKC,29,-0.1137652310290747
MKL,46,0.0666874131871968
MKSI,1658,0.2598843384869584
MKTX,1086,0.3243572734769981
MLAB,1547,0.1563684495517716
MLCO,239,0.1808695652173912
ADC,73,0.0483575355984773
MLI,146,0.1037288135593221
MLKN,803,0.0837696335078532
MLM,189,0.0326360327839747
ADBE,179,0.087035331174041
MMC,208,0.0651224836284258
MMI,1315,0.1103047895500723
MMM,11,-0.0531187458305537
MMP,910,0.0828520215096593
MMS,123,-0.0189554070639574
MMSI,1272,-0.015576323987539
MMYT,225,0.0500544069640913
CLS,751,0.1650399290150843
ACRS,1491,0.0679365079365079
MNKD,1705,0.0075901328273244
ACRE,939,0.1593780369290574
MNRO,1352,0.1132743362831858
F,42,0.110920034393809
MGM,115,0.2201014017297939
ACN,250,0.0319060877417414
ACMR,1805,0.6264591439688716
ACM,804,0.0235988200589971
CENT,277,0.0897196261682242
MNST,655,0.0234413473850092
ACLS,865,0.4330897177419355
MNTV,345,0.1
ACIW,265,0.2060869565217391
MODN,1521,0.0424063116370807
MODV,510,0.1897915970132619
MOFG,219,0.0292913385826771
ACHC,951,0.0245383867832849
MOH,1864,-0.0965114166313366
ACGLO,366,0.167487684729064
MOMO,711,0.2594654788418709
ACGL,74,0.031379420197515
MOS,62,0.1210394346934125
ACET,589,-0.0055928411633108
ACEL,115,0.1649350649350649
MOV,1061,0.0719379844961241
MPAA,459,0.1399662731871838
FMS,1410,0.1052631578947367
ACCO,423,0.0912343470483005
MPB,978,0.013013013013013
MPW,949,0.1292639138240574
MPWR,67,0.2238341675857582
MPX,683,0.1036533559898047
MRK,93,-0.036773321315908
ACAD,1845,0.1721105527638191
MRNA,726,0.0758267453512973
MRNS,1751,0.4924623115577891
MRO,171,0.0624307351311415
MRSN,480,0.1040955631399316
MRTN,1039,0.1122345803842264
MRTX,1773,0.1269035532994924
MRUS,907,-0.0465416936005171
ACA,160,0.0635476146620004
ABT,82,0.0162869429956993
MRVL,1440,0.2003785830178475
MSA,755,-0.0706706429017268
MSB,652,0.2463928967813542
MSBI,81,0.0026296018031555
MSCI,186,0.1075735752520583
ABR,640,0.1122062168309325
MSEX,1692,0.0939366975975595
MSFT,188,0.0341089150195981
MSGS,345,0.0009818360333821
MSI,1660,-0.0017849520779169
ABM,766,0.0391402714932125
MSM,853,0.0095191000123624
ABG,1002,0.1192747559274756
ABCB,21,-0.0074246924056003
ABC,242,-0.004827711061493
MT,1524,0.2299771167048054
MTLS,604,0.125
ABBV,54,-0.0790378006872852
ABB,684,0.1408404464871961
MTN,1363,0.0766939374868891
AB,1154,0.1125981961012512
AAWW,1335,0.0119047619047618
MTRN,254,0.0450234258941835
MTRX,762,0.284565916398714
MTSI,1387,0.0825658939345825
AAT,1256,0.029433962264151
AAPL,188,0.107981220657277
EZPW,1072,0.1128834355828221
AAP,524,0.0040127865061552
AZO,46,-0.0206432620489988
AAON,761,-0.0188528943175781
AAN,388,0.1673640167364016
MTW,1400,0.4082969432314411
MTX,1349,0.1185770750988142
MTZ,765,0.1316067033868511
MU,83,0.2565026010404161
AAL,66,0.3058176100628929
MUFG,656,0.1124437781109446
AAIC,1548,0.0341296928327643
MVBF,1059,-0.0417801998183469
MWA,1662,0.1328996282527881
MX,577,0.1214057507987218
MXL,1787,0.1952871870397641
AA,324,0.1460303496811084
MYE,1580,0.0791722896986053
A,821,0.0439692616104241
MYGN,773,0.3652653342522398
MERC,662,0.0781786941580755
MEOH,1477,0.1949286846275753
MEDP,737,0.0721717433265853
MED,8,-0.0049414824447333
MCRB,474,-0.0160714285714285
NATI,621,0.4756097560975612
MCB,716,0.0051133458326231
NAVI,1786,0.1714285714285714
NBR,567,0.1372118551042809
NBTB,58,-0.1457853523721787
NCR,1148,0.1559162750961127
NDAQ,997,-0.0202118989405053
NDLS,541,0.1056466302367942
DAR,1390,0.0688608403898387
NDRA,736,-0.004914004914005
NDSN,1700,-0.010306242638398
NEE,923,-0.0861244019138754
NEM,234,0.146822033898305
NESR,1672,0.0583573487031698
MAXR,1419,-0.0061847700038655
NETI,1613,0.0348258706467661
NFBK,124,-0.0864589955499046
NFE,527,-0.0495276997702324
NFG,576,-0.0930489731437599
MASI,1330,0.1491044271713417
MAS,1638,0.0837797300192841
NFLX,188,0.2373507867607163
MAIN,488,0.0699700517288319
LYV,1129,0.1390880412962432
LW,686,0.1050805729632946
NGS,1042,0.0113438045375218
NGVC,539,0.0525164113785556
NGVT,681,0.1389835320840433
NHC,1162,-0.0156302521008403
NHI,36,0.0900038299502106
LSXMK,464,0.0368004088934321
LSXMA,464,0.0351055711015007
NHTC,661,0.3527696793002914
LSTR,176,0.0521377081779768
NI,502,0.0043763676148795
NIC,68,-0.1049003634540669
NICE,740,0.1081643265730627
LRN,1110,0.2822890025575446
NIO,330,0.2482051282051283
NIU,756,0.103250478011472
LRCX,168,0.1842731382345943
LPSN,1122,0.205128205128205
LPRO,1837,0.2666666666666668
NJR,1934,-0.0018137847642079
LMNR,798,0.0712530712530712
LKQ,382,0.0782624976596144
LKFN,1854,-0.0563982349696633
NLY,245,0.0811195445920303
LIND,1466,0.4181818181818182
NMFC,90,0.0493128536782538
NMIH,720,0.1172248803827753
LIN,486,0.0102090870071738
NMR,1814,0.0746666666666666
LILAK,125,0.2921052631578948
LILA,125,0.3027888446215139
LII,1052,0.0376625005225097
NMRK,7,0.094102885821832
LHCG,603,-0.0236254561197352
LH,130,0.0795396636657042
LGIH,161,0.1898488120950325
NNI,1150,0.0453994490358127
NNN,73,0.0338723776223777
NOAH,858,0.2587096774193549
LFVN,596,0.075268817204301
LFUS,791,0.1488646684831971
NOC,344,-0.1872033137222558
CELH,1923,-0.0180699730872742
NOG,1383,0.0811161583387409
LEU,664,0.2102832512315273
NOMD,1403,-0.0040603248259858
NOTV,1160,0.3765182186234816
NOV,883,0.1871708951651507
NOW,179,0.1926494449738585
LEN,841,0.1093611357586512
NPK,1804,0.0614957639497517
NPO,743,0.0651393872481369
AZN,93,-0.0266961651917404
LEGH,1159,0.0495780590717298
LEA,915,0.0986131269150136
LCII,828,0.1542455381287182
NRC,1316,0.211260053619303
LBTYA,164,0.1331220285261489
NRG,380,0.052482715273413
LBRT,946,-0.0549656464709557
NRP,1111,-0.0031290263206331
NS,519,0.074375
NSA,1,0.0977297895902546
LBRDK,211,0.2352169922643241
EXP,280,0.0465939028980053
LBRDA,211,0.2504943968358601
FMNB,1780,-0.0665722379603399
LBC,160,0.0225022502250225
NSC,835,-0.0212645077509942
NSIT,834,0.1165852199062531
NSP,497,-0.0181338028169013
NSSC,1183,0.0738719068413391
NSTG,700,0.3036386449184443
LAND,1500,0.0644456581103223
NTAP,957,0.1044149739801914
NTB,1405,0.0278430057027843
LANC,749,-0.0168271667511404
LAMR,386,0.1039194915254235
LAKE,680,0.0729323308270675
NTCT,530,0.1091971701015073
NTES,1856,0.2706870439212447
NTGR,426,0.0883489784649365
NTLA,830,0.1071940384064202
EXLS,590,0.0145192704951895
LAD,542,0.1857477776692391
NTNX,1095,0.0936660268714011
NTR,970,0.1191291250171162
NTRA,1986,0.0644759770973362
NTRS,225,0.0954910159340038
LAC,601,0.1662269129287599
NUS,1959,0.0177893738140417
KURA,1776,0.128928283642224
NVAX,659,0.0680933852140079
NVCR,1133,0.2276755282890252
NVT,486,0.0177545691906004
NWBI,28,-0.0400572246065809
NWE,71,-0.0453319851702056
NWG,732,0.1919504643962848
KSS,1191,0.2669306930693069
NWL,564,0.2094801223241591
NWLI,1516,-0.0293950177935943
NWN,71,0.0390838411430973
NWPX,1121,0.0729970326409492
NWS,187,0.1393709327548806
NWSA,187,0.1384615384615384
NX,918,0.0346283783783782
NXE,1961,0.0406320541760722
KRNY,9,-0.1004926108374383
NXGN,1287,-0.0106496272630459
KRNT,602,0.0213321723987811
NXPI,220,0.139150794153009
NXRT,1920,0.1162683823529411
NXST,574,0.1211792264183282
KOF,760,0.1181496758986448
KODK,223,0.1180327868852459
KOD,540,0.1047486033519553
KO,29,-0.0440182361263952
KNX,102,0.1016981492081665
KMI,135,0.0293141592920354
FLWS,1291,0.0198744769874477
OBNK,160,0.0615803814713895
OCN,612,0.0889470241988228
OCSL,120,-0.0252304706453178
KB,482,0.2488360062079671
OCUL,1646,0.3843416370106762
KAR,1431,0.0973180076628352
OFC,759,0.0755589822667692
OFG,269,0.0039912917271409
OFIX,644,0.0433511933755479
OFLX,717,0.0822974710672954
OGE,33,0.0022994379151761
K,29,-0.0522178551375631
OGS,33,0.0565240359218173
OHI,36,0.0250447227191412
OI,1468,0.1490645745322871
OII,20,0.1715265866209263
JYNT,1016,0.3104434907010014
OIIM,1098,0.0469798657718121
OIS,20,0.1461126005361932
OKE,1250,0.058447488584475
OKTA,895,0.0242938679935607
OLED,952,0.2227878563495002
OLLI,8,0.1470964987190435
OMI,924,0.0471070148489503
ON,220,0.1813371813371815
ONB,92,-0.046718576195773
ONTO,586,0.182405639594654
OPCH,741,-0.0445330674642738
OPI,1382,0.2742060418280403
JOUT,715,0.0015192950470983
JOE,849,0.1795601552393273
OPY,1846,0.1330025986298133
OR,1446,0.1383595691797845
ORA,1386,0.0592044403330249
ORAN,438,0.0587044534412954
ORC,45,0.1619047619047617
ORCL,938,0.1030206286836934
ORI,922,0.1002070393374741
OSBC,592,0.0131332082551594
JILL,624,0.0241935483870967
CASS,926,0.0670013094718464
OSIS,1508,0.2033450704225352
OSK,1656,0.1410590769928563
OSPN,2016,0.2511170688114388
JHG,1113,0.0905612244897959
OSTK,954,0.1663223140495866
OSUR,1190,0.0767634854771783
OTTR,174,0.0548458524953159
JD,1404,0.124354177801532
OUT,699,0.158021712907117
JCI,1686,0.0753124999999999
OVV,171,0.0169591796489843
JBT,1077,0.1713566188547028
JBSS,814,-0.0029513034923757
JBLU,797,0.2885802469135801
OWL,63,0.1858490566037736
OXY,959,0.0650896967772662
JBL,902,0.1478005865102638
OZK,512,0.1243080020130849
PAA,103,0.086734693877551
JBHT,4,0.0823583390685935
PAM,55,0.0914214151534125
PANW,606,0.1402465242941093
PATK,990,0.1255775577557754
PAYC,289,0.0359318101253585
PBH,767,0.0482428115015975
JAKK,987,0.1932532875929105
PBPB,1232,0.4219030520646318
PCAR,1624,0.133979993937557
PCG,889,-0.0252152521525216
PCH,899,0.091384405546715
DISH,965,0.0263532763532763
PCRX,573,0.0082880082880083
PCTY,289,0.0552352517244929
PDCO,526,0.0989920806335493
PDD,964,0.2833844267320662
PDFS,457,0.1377980364656383
PDM,98,0.1101417666303161
PEBO,48,0.0233628318584071
PEG,30,-0.0039170882976987
PEGA,911,0.1255841121495327
PENN,115,0.1535353535353534
IVR,782,0.1874483897605285
PEP,29,-0.0577881102623712
EXEL,802,0.1041147132169577
PERI,535,0.2731225296442687
PETQ,887,0.2451193058568328
PETS,588,0.194915254237288
PFG,641,0.0993803622497617
PFGC,491,0.0347662270936803
IRMD,879,0.2930364086249557
IRM,1009,0.0758274824473419
PGC,1008,-0.0483610961848467
PGR,94,0.0408919064886967
PGRE,19,0.0420875420875421
QTWO,826,0.1879419426870114
IPI,1017,0.1285071007966747
IPGP,638,0.1711207351853807
IPG,1562,0.0801561092764933
EXC,294,-0.0377052972472818
IOSP,447,0.078942251604122
PGTI,722,0.1508908685968819
INVE,461,0.0842541436464088
INVA,5,-0.0430188679245283
PH,973,0.0804467353951889
PHI,628,0.1842105263157893
INTU,186,0.0620414467756469
PHM,161,0.1502306171754885
PI,400,0.14379923062832
INTC,1015,0.1384790011350738
INT,745,0.0482985729967069
INSW,86,0.0010804970286331
PII,1028,0.0540594059405941
ING,240,0.1760330578512396
INFY,818,0.0516379789006107
INFU,498,0.1336405529953916
PJT,786,0.1027276428280636
INFN,582,0.1127596439169138
INDT,685,0.0061426996377382
PK,88,0.2035623409669211
PLAY,439,0.1591422121896162
VET,981,-0.1163841807909603
PLCE,1172,0.1169686985172981
PLD,235,0.1359886454359975
INBK,290,0.0082372322899506
PSA,217,0.0613869160212712
PLUG,1192,0.2425222312045272
PLUS,1007,0.1185636856368563
PMT,13,0.2195318805488295
IHG,738,0.2295166266712376
PNC,138,0.0346303750559071
PNFP,319,0.0337874659400543
CHGG,587,-0.1962801741195093
PNM,341,0.0108628817380611
IGIC,52,0.0275
PNR,901,0.1299977663614027
POOL,287,0.2053385373598386
POR,30,-0.0373469387755102
POST,1337,0.0114114779525813
POWI,67,0.2062186279977691
POWL,1681,0.1168277430358157
PPC,914,0.0611040876527602
PPG,1882,0.0155877206934946
IFF,930,0.0551316291491796
PPL,235,0.0157426420260096
FLT,1408,0.1008819686411151
IDXX,143,0.1937444847534073
PR,171,0.1702127659574468
PRA,636,0.0910131654264454
PRAA,693,0.162226169330965
PRFT,597,0.0753257912072176
PRGO,396,0.074801994719859
PRGS,383,0.0465807730426164
PRI,654,0.1146523762515867
PRIM,631,0.1864175022789425
PRK,58,-0.1381172291296625
IBTX,391,-0.012982689747004
PRLB,845,0.1210340775558167
PRO,568,0.0214344600164879
PRTA,780,-0.0730290456431534
IBM,232,-0.0457094186954361
IBKR,609,0.0905321354526609
EXAS,789,0.3136740052514646
FLS,329,0.0853976531942632
EEFT,468,0.1929434202161475
PSTG,427,0.0553064275037367
IBCP,60,-0.0953177257525084
PSX,87,0.0711952344350499
PTC,513,0.1310396534488505
HZO,619,-0.0272261370916079
HZNP,598,-0.0224077328646747
PTCT,45,0.2048729368614095
PTEN,470,0.004750593824228
PTGX,274,0.2080659945004581
PTN,1073,0.59375
PTSI,434,0.0976833976833977
PUK,1469,0.2496360989810773
PUMP,57,-0.069431051108968
PW,595,0.1518987341772151
HVT,728,0.108695652173913
PWR,1889,0.0530526315789474
PXD,87,0.0376986733219493
HUBG,671,0.0388728141904641
HUBB,176,-0.0161496505880348
HTH,961,0.011996001332889
HTGC,5,0.08018154311649
PYPL,611,0.1346531873069363
HSKA,615,0.4102316602316602
HSII,1034,0.066857347157669
HSIC,300,0.0706147489670714
QCOM,1169,0.2184828088048027
HPQ,528,0.0796427242277633
QCRH,61,-0.0094681708299757
HPP,117,0.0380267214799587
QDEL,584,0.0058363487802031
QGEN,1298,0.0008020854220973
HPE,811,0.0162907268170424
HP,470,-0.0012104095218883
HONE,1106,-0.0194244604316546
HON,2,-0.0230984601026599
HOMB,493,-0.0030715225976305
QNST,851,0.0390243902439024
HOLX,775,0.1085416388183397
HOLI,594,0.158247108947048
QRVO,384,0.241504854368932
HIMX,1381,0.2979066022544283
HIG,15,0.0243966767770011
QUOT,2014,0.1137026239067053
QURE,943,-0.0564622849580944
HESM,1949,0.0421122994652405
HELE,704,-0.0204670453520872
HEES,888,0.1052863436123348
HDB,838,-0.00584709837743
HD,95,-0.0064902171848287
HCSG,522,0.09
GTN,734,0.126005361930295
GT,311,0.1349753694581279
GSM,560,0.2415584415584415
GSL,788,0.0762762762762765
GSK,93,0.0056915196357427
GSHD,735,0.0684333139196271
GRPN,827,0.0384615384615385
GPK,307,0.0687640449438202
GPI,867,0.1445362310805567
RAMP,772,0.1049488054607508
GOOS,1796,0.2459292532285235
GOOGL,188,0.1052929842457213
GOOG,188,0.117547616364251
RARE,925,-0.0472695877401251
GOOD,940,-0.1027732463295268
RBA,516,0.0143524122427804
RBB,233,-0.0282973621103117
RBBN,808,0.2544802867383513
GOLF,705,0.0833725859632594
RBC,255,0.1631239550991163
RBCAA,51,0.04594330400782
RC,897,0.1642728904847397
GOLD,234,0.1461001164144355
RCM,657,0.2611872146118723
GOGL,43,0.0471806674338319
GNTX,458,0.0751381215469615
RCUS,1872,0.1165377176015474
RDFN,243,0.4339622641509433
GLW,503,0.1405760801502817
RDN,85,0.1504981646565286
RDNT,1706,0.0828465215082316
RDWR,674,0.0739240506329115
RDY,764,0.0144927536231884
RE,1874,0.0778217164246688
REG,335,0.0567999999999999
REGN,1076,0.0288430886082966
GLT,331,0.4568345323741007
REPL,675,-0.0393382352941176
REXR,241,0.1348828696925328
REZI,724,0.1282674772036474
RF,24,0.0760667903525047
GKOS,1391,0.1030219780219781
RFP,449,-0.002779064381658
RGA,558,0.0691815046801322
RGEN,632,0.1401571082629495
RGLD,234,0.154400640740411
RGNX,520,0.0141093474426807
RGP,518,-0.0788900979325353
RGR,822,0.0956143816673251
RH,677,0.1564429806504734
RHI,642,0.0945415142895842
GIC,281,0.0764980875478111
RHP,906,0.0988016629982879
RICK,552,0.0024680759738169
GIB,823,-0.0059212817833506
RIG,397,0.4605263157894739
RILY,554,0.3046783625730993
RJF,806,0.061113710809546
RL,893,0.1754518784896375
RLJ,88,0.1510859301227574
GHG,389,0.1859838274932614
RM,956,0.193019943019943
GGAL,225,0.4285714285714286
RMAX,546,0.1974248927038626
RMBS,750,0.2060301507537689
RMR,894,0.0706853247219232
RNG,412,0.0853107344632768
RNR,398,0.0682299299788309
GES,929,0.1019816336394392
RNST,21,-0.0795424314977387
GEL,1724,0.1606268364348677
ROST,986,0.0399758766261739
RPD,746,0.0741612713360801
RPT,244,0.0209163346613545
RRC,196,0.0095923261390888
RRGB,844,0.5645161290322582
RRR,115,0.1199700074981255
RS,416,0.1255186721991701
RSG,156,-0.0396929994573223
CASH,645,0.1393728222996515
GDEN,115,0.0778074866310161
RTL,363,0.1610878661087866
CWEN,120,0.0514590524003764
RTX,433,-0.0066389219183511
GBX,286,-0.1303824149352604
RUN,646,0.0062447960033307
RUSHA,181,0.0114766641162968
RUSHB,181,0.0156388839523724
RUTH,31,0.1350129198966407
RVNC,931,0.8353196099674973
RWT,310,0.1745562130177516
RYI,658,0.244547257105089
RYN,1935,0.0791868932038835
RYTM,22,0.04635989010989
SABR,162,0.1456310679611652
SAFE,538,0.1932215234102026
SAFT,72,0.0178020413007358
SAIA,4,0.2200495993895459
SAIC,496,-0.0656775827754659
FWRD,390,-0.002764801220326
FWONK,202,0.1738039478086317
MHK,279,0.1478184308354528
SAM,709,0.183296916727361
SAND,515,0.1425855513307985
SASR,9,-0.0607436843599203
SATS,556,0.1300959232613909
SAVE,517,0.0402476780185758
FWONA,202,0.1822945910537152
SBGI,429,0.314635718891038
SBH,629,0.1924920127795526
SBLK,43,0.1497659906396256
SBNY,548,0.0949554896142432
SBOW,839,-0.0537482319660537
SBS,534,0.0
SBSI,28,-0.0055570991942206
SBSW,78,0.0365853658536585
SBUX,373,0.0963709677419355
MLR,266,0.0761440360090022
SCS,1060,0.0410183875530409
SCU,523,0.0842956120092379
SCVL,283,0.1612090680100755
SCWX,505,0.15962441314554
SD,499,-0.0164415736934822
CWCO,469,-0.0358108108108108
SE,815,0.2877186238708438
SEAS,338,0.1552980751261448
MOD,514,0.1143001007049344
MODG,672,0.1888607594936708
SEDG,566,0.0709923394641156
SEIC,320,0.0619210977701543
MORN,357,0.095601498543083
SEM,579,0.1437776882803061
MPC,226,0.1629005928344358
MPLX,39,0.0642509135200974
SF,650,0.1358574610244989
MRC,248,0.0863557858376511
MRCY,665,0.0956638354939651
SFBS,591,-0.0401973588738934
SFIX,228,0.4212218649517685
SFL,934,0.0737527114967462
SFM,757,-0.0123571207908557
SFNC,993,-0.0013901760889711
SFST,80,-0.1276502732240437
SGEN,928,0.0869971208466267
SGH,689,0.174059139784946
MTB,703,0.0685923066317384
MTCH,608,0.2480115690527837
MTD,46,0.0541423086236119
MTDR,171,0.2009084556254365
MTG,177,0.1023076923076922
MTH,161,0.1477223427331886
SGMO,370,0.0987261146496816
SGRY,927,0.1615218951902368
MUSA,354,-0.0414251985404594
SHAK,1010,0.3592583674452203
SHO,420,0.1118012422360248
SHOO,557,0.0826032540675845
MYOV,617,-0.0022255192878338
MYRG,668,0.0600629955468665
SHOP,630,0.3923941227312013
AVT,17,0.1055796055796056
SHW,1818,-0.0517001643281507
SHYF,316,0.3097345132743363
SIBN,783,0.2705882352941178
NBHC,213,-0.0133111480865225
NBIX,1336,-0.0925987943737441
SIG,315,0.1150103214391036
SIGA,387,0.0203804347826086
SIGI,666,0.0700823834781627
NCLH,150,0.2418300653594771
SILV,643,0.1599999999999999
SIMO,322,0.0456993383597477
SITC,108,-0.0263543191800877
SIVB,813,0.2845224645867734
SIX,193,0.1677419354838709
NEO,635,0.225108225108225
NEP,339,0.0470823227279211
FUN,1438,0.0154813739719399
NEU,812,0.1033717977564203
NEWR,691,0.0589902568644817
NEWT,1089,0.1403076923076924
NEX,57,-0.0119047619047618
NEXA,718,0.2354892205638474
SKM,133,0.0233122875182127
NG,476,0.0869565217391303
NGG,6,0.0653183023872678
SKT,34,0.0574136008918615
SKX,861,0.1415971394517281
SKY,547,0.136090079596195
SLF,784,0.0743214131839722
SLG,64,0.1034994068801897
SLGN,701,0.0152391975308641
SLM,291,0.0433734939759036
SLP,332,0.0883237626469783
SLRC,284,0.1203770848440899
NKE,377,0.0899068455687548
SM,171,-0.0299971156619555
SMAR,840,0.1122967479674796
SMBC,326,0.0294566877591098
SMBK,80,-0.0392727272727272
SMCI,1883,-0.0710109622411693
SMFG,450,0.0947630922693265
SMG,702,0.2467585923029429
SMP,35,0.1117816091954022
SMPL,295,-0.057060215619248
SMTC,270,0.1446497037295224
NOVT,369,0.187900198719364
SNA,852,0.0629349205654514
SNAP,1676,0.1385474860335196
SNBR,257,0.2236335642802154
SNDR,102,0.1064102564102564
SNDX,345,0.1131630648330057
SNEX,199,-0.0549842602308499
SNFCA,372,-0.0191780821917807
SNN,944,0.0531796206768315
FTV,744,0.041556420233463
SNPS,267,0.1170722540637039
SNX,394,0.0860169491525422
SNY,128,0.0078463762130911
SO,30,-0.0544741632824534
NUE,222,0.2883696229421135
SOHU,462,0.1998541210795039
SOI,57,0.0443101711983886
NUVA,318,0.0899612027158098
SON,501,-0.0024707626420688
NVDA,188,0.3550020528260573
NVEC,381,0.1042471042471042
NVEE,252,0.0
NVGS,285,0.056020066889632
NVMI,296,0.159769833496572
NVO,208,0.0162553568789713
NVR,46,0.1083211564894268
NVRO,303,-0.0795454545454544
NVS,913,-0.0097001763668429
SP,361,0.0676843317972351
SPG,837,0.0753319713993871
SPGI,731,0.096853167731534
SPLK,375,0.1100011615750957
NYCB,1006,0.1430232558139534
FTS,30,0.0304695304695303
SPOT,713,0.2830905636478782
NYT,198,0.0691998764287922
O,472,0.0715749645278258
SPR,162,0.1293918918918919
OC,992,0.0813775209340723
OCFC,484,0.0988235294117647
SPSC,545,0.0644709180098108
CVLT,340,-0.0308720560152769
SPTN,256,0.0403439153439153
ODFL,4,0.1249911903587286
ODP,471,0.1302151954325867
OEC,908,0.1263335204941045
SQM,342,0.1761022044088176
SRG,22,0.0118343195266272
SRI,605,0.1043599257884972
SRPT,475,-0.039435098008952
CVLG,422,-0.1319062771188891
SRRK,613,0.3834254143646407
OLN,259,0.106157914620325
OLP,974,0.0549054905490549
OMAB,175,0.2304333764553687
OMC,358,0.0546769645703077
OMCL,317,0.1067036890122965
OMF,1990,0.2858000600420292
SSB,32,0.0119172341540072
SSD,942,0.1551860649247822
SSL,1979,0.1826861871419476
EDIT,891,0.0225479143179256
CARS,618,0.1735657225853304
OOMA,432,0.0675477239353892
SSNC,708,0.1206300422589319
SSP,941,0.0909780136467022
OPRA,371,0.1685214626391096
OPRX,1439,0.0559523809523807
SSRM,955,0.0918953414167198
SSTI,407,0.0818799881761751
SSTK,695,0.216805766312595
ORLY,111,-0.0514199732237005
SSYS,119,0.1593591905564924
ST,106,0.1478454680534917
STAA,446,0.4404614750721056
STAG,182,0.0993500464252554
STBA,60,-0.0061439438267992
STC,886,0.1184179733208519
STE,714,0.1095348963127402
OTEX,230,0.1467611336032388
STGW,1251,0.1095008051529791
STLA,169,0.0838028169014084
STLD,222,0.2429887410440121
STM,448,0.3126229969075063
STN,820,0.0680016687526074
STNE,963,0.2288135593220339
STNG,224,-0.1502696671006138
STOR,392,0.0028072364316904
STRL,719,0.0286585365853659
STRO,273,-0.0730198019801979
OXLC,194,0.1608391608391608
OXM,297,0.2341963322545845
PAC,175,0.2913566511369168
PACB,1936,0.4657701711491444
PACK,529,0.2495667244367418
PACW,829,0.1372549019607845
PAG,419,0.0664752458017923
PAGP,103,0.0819935691318329
PAGS,460,0.1819221967963387
PAHC,578,0.1401938851603279
STWD,104,0.1074740861974905
STX,892,0.3117278084014447
STZ,379,-0.0140237324703343
SU,247,0.090450677592184
PAR,410,0.2742616033755274
PARA,308,0.3276066350710902
PARR,403,0.1991397849462364
SUI,1,0.0419580419580418
CLNE,402,0.0903846153846152
CLFD,351,-0.2670490758444869
SUM,585,0.1271574498062697
PAYS,368,0.2906976744186047
PAYX,250,-0.0039806161301488
PB,165,0.0288937809576224
PBA,39,0.0559646539027982
PBF,155,0.1135360470819026
SUN,415,0.0890951276102087
SUPN,904,0.1511073731426968
PBR,792,0.0948356807511736
SUZ,500,-0.0292207792207791
PCYO,688,-0.1211832061068701
PDCE,171,0.1121613106490233
SVC,882,0.2030920590302178
PDS,989,0.0757496740547587
PEAK,305,0.0885520542481053
PEB,88,0.1620612397311427
SWBI,967,0.2442396313364057
AGRO,443,0.0289505428226779
CLF,126,0.3209186840471758
FTNT,282,0.0883616281448149
SWI,374,0.0726495726495726
SWK,473,0.1238019169329072
PFBC,218,-0.0681971640783254
PFC,160,-0.1019651464590285
PFE,54,-0.1284222966318692
SWKS,884,0.2292329638977286
SWN,466,-0.0495726495726496
PFIS,694,-0.0167824074074074
PFLT,667,-0.0174471992653811
PFS,395,0.0482209737827716
PG,156,-0.062686765389468
SWX,157,0.0702973497091143
SXC,337,0.0683661645422943
SXI,1649,0.0596621423689092
PHG,648,0.1267511674449633
SXT,836,0.0030170049369171
SYBT,139,-0.1008002462296091
SYF,8,0.1122945830797321
SYK,356,0.0323939629432696
FLL,115,0.2140957446808511
CVI,155,0.1327377153797064
SYNA,348,0.3318621269440942
SYNH,875,-0.0139040348964012
PINC,490,-0.0588907947398512
PIPR,292,0.0820339503802136
SYY,753,0.031332280147446
CVGW,1772,0.0901360544217686
PKG,309,0.0837307481823157
PKI,733,-0.0370317516946129
PKX,133,0.1778960895906003
PLAB,627,0.1330956625074273
TA,537,0.0292541313086198
TAC,385,0.0657748049052395
TAK,120,0.0320512820512821
PLL,935,0.542026351658337
PLNT,418,0.0562182741116752
PLOW,932,0.0934734513274337
TALO,454,0.1091101694915255
EVTC,405,0.1195182211241505
CLDX,258,0.0282701368633608
PLXS,288,-0.0881181385407559
PLYA,141,0.119448698315467
PLYM,215,0.1313868613138686
PM,167,0.0307281889141388
TAP,167,0.0242624223602483
TBI,979,-0.0097037793667006
TCBI,184,0.0424473553307909
TCBK,58,-0.0378505589331241
TCMD,347,0.1132404181184667
PNW,30,-0.0265649658074699
PODD,437,-0.0280580182750772
TCOM,850,0.1645348837209304
TCPC,90,0.0247295208655331
TCS,327,0.1832946635730858
TCX,494,-0.0029481132075471
TD,445,0.0635441061670571
TDC,359,0.0249554367201427
PPBI,21,-0.0396070975918885
TDW,408,0.1668928086838534
TDY,207,0.0667900277562452
TENB,299,0.0615989515072084
TEO,229,0.2275229357798165
PRDO,477,0.056115107913669
TEX,406,0.1619850187265918
TFC,24,0.1354868696258424
TFSL,107,0.0069396252602358
TFX,263,-0.0345311060369346
TG,625,0.1506849315068492
TGH,328,0.1199613028055464
PRTS,692,0.0559105431309905
PRU,885,0.0338829680273478
PRVB,409,-0.1759697256385998
TGI,481,0.038022813688213
TGLS,758,0.0822229444263893
TGNA,1018,-0.0618216139688533
TGS,55,-0.0288135593220338
PSEC,485,0.0843547224224945
TGT,980,0.1207058507783145
TGTX,114,0.1961115807269653
PSMT,456,0.167653833497861
PSO,298,0.0141969831410826
THC,154,0.0588235294117647
THFF,28,-0.0472093536289432
THO,268,0.197642071797589
THR,455,0.1245019920318726
THRM,451,0.0874559656915299
THS,393,-0.0372620494127177
CURO,314,0.1830985915492959
TIGO,336,0.3776722090261279
TILE,721,0.1195542046605877
TITN,553,0.0719859048577902
FTDR,414,0.2826923076923076
TJX,1074,0.0359296482412059
EVRI,492,0.1874564459930312
EVRG,120,-0.0243127284284125
EVR,163,0.168958562522919
EVOP,140,0.0017730496453898
TKR,536,0.1313145606339323
CLDT,88,0.1230643846780765
DGX,130,-0.0563118017208168
PZZA,170,0.060381484631272
TLK,133,0.1085953878406709
QFIN,40,0.156679764243615
TLYS,362,-0.050828729281768
TM,99,0.0650900571093864
QLYS,413,0.0124743829635569
TME,97,0.0869565217391306
TMST,271,0.1419922949917444
TMUS,444,0.0620714285714285
TNC,84,0.0899788858210166
QSR,312,0.0422143188495438
QTRX,323,0.0440433212996391
QUAD,260,0.0980392156862746
TNDM,127,-0.1243604004449389
TNET,153,0.121533923303835
R,237,0.1066172071317459
RACE,842,0.1566146951731866
TNK,86,-0.0749756572541382
TNL,18,0.151923076923077
AGR,30,-0.0183806421591438
CIR,551,0.0555091819699498
TOL,41,0.1494067967021919
RCI,544,0.047395388556789
RCII,100,0.1361419068736142
RCKT,173,0.1440981093510476
RCKY,349,0.2633361558001692
RCL,150,0.2933441230022253
EC,133,0.1423113658070678
TOWN,121,-0.0262645914396886
TPB,504,0.0517799352750809
TPR,7,0.1570378151260505
TPX,824,0.1316632682784737
FTCH,352,0.3276955602536997
RELX,478,0.0609668109668111
TR,178,0.0239605355884426
TRC,670,0.0774946921443737
TREE,495,0.6952648851383028
TREX,69,0.1840302386014647
RES,57,0.0686164229471315
RETA,129,0.075546196367465
REVG,238,0.0618066561014263
REX,508,-0.0081607030759572
TRGP,103,0.0346938775510203
TRI,275,0.0379591478916456
TRMB,306,0.1315268987341771
TRMD,353,-0.1940349674322934
TRMK,58,-0.1919220853623602
TRN,251,-0.0358361774744027
FTAI,192,0.3060747663551399
TRNO,241,0.1181642342183928
TRNS,158,0.1454776351065332
TROW,966,0.0506143407298733
TROX,142,0.2151714077315827
TRS,197,0.0720980533525594
TRST,58,-0.1045490822027136
TRTN,5,0.043908112823495
TRTX,136,0.223858615611193
TRU,227,0.2341850220264318
TRUP,376,0.1483273721859876
TRV,74,0.0246413142034243
RIO,195,0.1292134831460674
RITM,183,0.1395348837209302
FSV,452,0.1529987760097919
TS,936,0.010523321956769
TSCO,246,0.0077788149531048
TSE,137,0.1935771632471008
TSEM,313,-0.0055555555555556
RMD,610,0.1155047326190361
EBTC,293,0.0056657223796034
EBS,325,0.1109229466553767
TSLA,188,0.3011040753369054
TSLX,107,0.097752808988764
TSM,962,0.2545308095046317
TSN,343,0.0520481927710843
TT,1886,0.0442620024986615
ROAD,216,0.0187336080929187
TTC,11,-0.0274734982332155
TTD,360,0.109747936649565
TTE,101,0.0388208762886597
TTEC,152,0.1556764106050305
TTEK,355,0.0593016047937187
TTGT,525,0.1123467998184293
ROCC,171,0.0870640613405886
ROCK,411,0.125544899738448
ROG,302,0.1342383107088991
ROIC,108,0.0485695276114437
ROK,204,0.0943432853204955
ROKU,264,0.2918918918918918
ROL,435,-0.0109469074986315
ROP,207,0.030178708017523
TTMI,580,0.0311671087533156
RPM,690,-0.097875412541254
TTWO,304,0.0745222318256026
TU,438,0.1092698083894356
TUP,367,-0.0362318840579708
TV,203,0.3092105263157896
TVTX,467,0.0380408939610079
RRX,555,0.1401066844474077
TWNK,76,0.0004456327985737
TWO,63,0.1737985516787359
TWOU,118,0.2344497607655504
TWST,14,0.1742965140697188
TX,221,0.3265706806282722
TXN,507,0.0537465197917927
TYL,421,-0.0047455103749884
UA,463,0.1715246636771299
EBF,425,-0.0483576642335767
UAA,463,0.1663385826771652
UAL,66,0.3116710875331565
UCBI,21,-0.0630177514792897
RY,445,0.0925786703898614
RYAAY,190,0.278892455858748
RYAM,147,-0.3562499999999999
UFCS,378,0.1224415204678364
FSS,862,0.135356143748655
UFI,191,-0.0313588850174215
UFPI,994,0.1293375394321767
UFPT,424,-0.0902536262617694
UGI,334,0.0698678176422982
SAGE,440,0.1790770844257996
SAH,149,0.0351126446113252
UHS,321,0.0329334942153454
UHT,148,0.1282212445003143
UI,205,0.0718385551859028
UIS,210,0.0332681017612523
SANM,134,0.0071565718275441
SAP,151,0.1057272991568949
UMH,945,0.0602484472049689
UMPQ,65,-0.0085082246171298
SBAC,38,0.0384217473511467
SBCF,32,0.010259698621353
FSK,258,0.1171428571428572
UNF,333,0.0210373594486761
UNFI,206,0.0552828726427279
UNIT,968,0.1464737793851718
UNM,346,0.0218619503807417
UNP,835,-0.0269957019365432
SBRA,36,0.067578439259855
UNVR,96,0.0641509433962264
UPLD,201,0.2019635343618513
UPS,430,0.0337091578462953
SCCO,195,0.2386156648451729
UPWK,276,0.1944444444444446
SCHL,253,0.1028890015205272
SCHN,145,0.1259380097879281
SCHW,483,-0.0625750660581312
SCI,479,0.0399190049175586
USAC,261,0.0593487394957985
USB,138,0.1167163494611327
SCSC,401,0.126283367556468
EVER,365,0.0780189959294437
CTLT,166,0.1612974894467898
USFD,70,0.10787771898883
